100,100,100,100,100,100,100,100,100,100,100,100,100,100,100,100,99,101,99,100,101,100,100,100,100,100,100,100,100,100,100,100,100,100,100,100,100,100,100,100,100,100,99,100,100,101,100,100,100,100,100,100,100,100,100,99,100,100,101,100,100,100,100,100,100,99,101,100,100,100,100,100,100,100,100,100,100,100,100,100,100,100,100,100,100,100,100,100,100,100,100,100,100,100,100,100,100,100,100,100
115,93,100,112,122,110,123,124,141,124,104,106,104,117,116,119,128,111,113,135,107,104,96,98,107,108,109,86,114,103,103,131,98,94,109,106,121,119,104,91,88,91,104,104,88,101,118,95,96,120,98,85,131,117,101,82,105,114,91,91,79,98,104,98,101,89,80,87,84,86,99,96,97,84,95,84,84,107,84,84,96,92,86,97,92,84,82,71,97,84,79,82,95,82,95,91,90,88,88,64
103,105,119,114,123,101,111,106,104,125,111,118,124,107,100,99,118,105,110,116,93,116,99,122,108,105,93,96,104,102,96,94,100,118,108,114,94,114,121,115,110,87,95,105,98,116,105,99,109,95,98,102,109,105,86,116,97,105,99,100,98,99,89,86,100,73,93,91,93,111,84,85,96,104,100,93,79,84,93,105,98,92,95,88,84,85,100,87,108,80,82,99,83,91,80,92,75,89,92,77
121,100,116,101,128,90,117,109,118,117,109,115,118,121,112,109,115,110,122,109,95,115,104,101,92,126,112,103,112,100,108,115,105,92,110,108,111,99,114,90,89,97,87,111,82,107,80,99,96,80,96,101,95,90,104,87,113,114,100,93,83,102,103,101,94,85,92,99,100,101,102,84,91,95,104,97,86,98,107,112,95,94,86,95,89,81,88,96,97,74,88,89,100,77,76,75,97,78,102,97
123,87,114,116,93,120,117,120,121,110,124,108,123,119,110,106,102,124,121,115,103,102,112,112,111,95,110,98,98,94,96,118,100,106,103,111,103,96,100,108,105,96,93,112,106,97,96,114,104,89,92,119,107,83,104,99,93,100,85,86,100,86,81,86,97,91,79,115,107,78,94,103,91,85,107,86,89,102,93,89,97,99,97,92,93,92,71,72,87,97,76,94,79,109,107,81,94,97,87,91
112,100,118,98,110,117,110,116,114,126,106,127,112,109,115,125,117,102,110,91,97,115,92,119,129,98,88,113,104,109,105,114,105,124,100,112,115,86,117,100,97,111,91,98,99,91,117,112,99,107,88,92,93,103,96,96,113,77,95,91,90,90,94,98,102,86,89,96,103,93,110,89,97,87,85,114,96,92,100,100,69,97,80,85,83,86,77,94,86,109,78,74,82,82,105,94,93,97,89,86
106,123,113,111,110,108,114,135,127,109,108,102,122,106,120,112,106,104,100,114,92,110,101,105,90,97,101,134,106,100,118,95,107,96,118,105,106,101,111,110,114,104,94,103,85,97,89,119,90,97,107,98,100,98,90,99,93,104,88,102,92,91,84,99,109,104,103,98,87,98,80,99,107,101,103,98,92,88,78,103,91,78,102,84,88,82,79,91,88,86,99,96,86,83,94,90,89,87,90,79
104,120,120,95,135,114,117,133,102,109,98,132,118,101,103,105,114,115,117,111,114,95,103,107,126,102,99,101,85,126,88,126,111,120,96,91,118,130,95,103,94,92,108,96,104,117,98,128,85,115,94,114,78,94,96,96,110,85,116,96,90,87,82,92,89,88,79,90,75,95,106,94,72,82,111,89,88,84,89,87,89,88,68,95,94,94,90,78,90,96,75,90,114,103,79,108,90,95,83,97
118,123,122,96,107,117,125,124,95,131,115,98,123,104,112,110,116,115,103,99,103,95,107,113,117,96,99,97,116,113,122,102,108,110,131,99,96,108,102,104,100,88,90,110,102,102,88,103,111,102,98,102,101,86,91,95,84,82,93,97,85,96,103,93,95,101,90,84,89,72,106,81,109,101,85,83,104,109,88,99,107,99,100,100,84,85,79,92,89,95,85,101,92,77,83,95,91,91,87,79
134,114,99,118,123,107,105,130,121,120,104,117,108,122,112,118,137,93,128,115,109,120,104,111,113,93,124,113,114,100,93,97,102,101,104,108,105,94,97,101,96,100,93,89,107,108,101,98,100,97,96,102,89,78,95,95,109,106,95,97,109,100,96,105,81,83,72,117,97,93,111,76,98,107,87,95,80,72,80,101,94,104,89,105,94,99,70,84,82,75,74,92,87,84,105,98,73,86,85,81
112,111,105,117,102,125,101,106,118,99,111,114,120,123,110,105,112,113,103,108,127,106,126,94,103,105,110,102,115,106,108,89,106,87,120,115,115,103,104,106,97,86,111,102,92,106,83,102,92,100,84,94,102,89,117,88,98,119,99,89,108,100,77,104,106,63,104,99,84,96,103,96,112,85,102,91,101,99,93,86,87,89,97,103,78,84,90,79,91,96,93,93,93,81,85,105,84,87,80,84
118,113,100,92,106,88,125,126,114,106,109,118,114,123,108,107,118,124,97,105,96,122,116,93,88,94,127,120,117,107,100,110,101,108,105,95,115,105,96,101,113,97,104,95,109,106,94,109,111,91,98,103,104,94,90,95,118,83,99,79,90,96,124,96,103,113,87,101,101,101,91,74,95,85,90,92,93,85,92,106,94,85,107,80,96,85,95,83,76,102,93,85,100,86,85,82,69,85,83,95
121,121,98,142,87,103,121,112,121,113,109,107,110,113,118,105,103,111,100,124,109,98,100,115,113,111,121,99,107,117,99,109,112,100,102,98,96,98,96,93,117,89,113,106,101,108,105,87,96,91,105,103,111,97,89,96,95,110,80,114,97,86,89,104,98,111,106,86,91,92,86,97,92,97,99,77,89,85,101,90,100,92,105,99,86,86,93,93,89,85,104,102,68,93,80,63,86,86,80,92
108,100,114,114,91,125,98,100,96,116,109,108,117,121,112,100,118,110,110,101,116,117,122,103,85,111,110,92,105,118,91,107,100,102,122,100,117,97,94,94,115,115,92,118,89,95,103,107,102,110,120,105,101,105,113,109,103,101,91,102,88,78,103,95,98,102,113,93,93,96,91,93,104,102,100,103,89,86,92,96,105,78,78,86,97,82,90,86,68,73,89,81,85,85,100,67,103,87,104,74
125,99,125,126,107,110,96,122,118,111,96,104,99,109,102,105,115,121,115,99,119,112,95,101,113,101,109,85,107,93,103,104,106,109,93,109,94,107,92,102,109,108,97,95,102,88,118,102,77,97,106,107,97,98,115,114,98,98,107,84,105,93,79,105,99,96,96,85,92,101,84,115,89,85,89,87,104,98,84,90,90,104,93,95,85,90,89,101,81,90,86,116,84,104,94,86,104,80,94,83
119,115,120,113,114,112,109,112,127,118,118,102,113,111,114,113,110,113,119,98,113,107,94,105,91,110,109,103,102,81,98,93,106,91,96,102,103,107,96,112,112,118,87,91,97,96,95,94,86,96,96,102,100,102,107,85,104,113,96,97,105,91,88,103,103,85,112,106,93,99,97,90,99,91,92,73,99,90,79,96,79,81,89,99,93,89,101,101,100,80,95,89,98,78,95,96,88,98,98,99
129,125,112,103,103,123,126,126,112,100,133,113,104,126,98,106,110,94,126,93,102,115,122,105,93,95,112,99,126,90,125,108,105,89,118,95,119,109,94,91,90,99,87,107,102,106,76,108,99,94,92,102,114,113,97,98,98,103,84,96,101,87,91,95,99,88,92,89,77,105,95,98,85,84,103,102,81,111,99,90,81,116,91,89,86,75,76,94,91,85,81,93,95,95,98,88,97,89,97,72
114,128,117,116,113,119,97,107,114,110,116,97,122,98,96,112,112,118,117,123,112,104,108,105,115,119,103,114,110,87,107,110,92,103,100,105,118,102,111,98,105,104,113,98,96,90,92,90,83,94,101,94,93,108,97,114,88,101,106,80,85,90,104,100,84,102,107,99,110,101,99,92,83,105,79,95,85,91,105,98,78,102,94,110,77,109,81,82,84,102,96,89,74,81,90,78,105,81,66,91
108,133,127,117,94,120,97,113,133,96,112,120,104,131,119,107,110,120,87,109,119,99,111,95,95,98,89,95,123,96,114,96,101,99,100,104,125,113,124,102,117,100,106,105,98,117,90,112,103,99,94,103,88,95,80,102,94,90,104,100,93,100,108,101,90,83,88,82,87,107,82,88,70,81,99,85,105,113,84,100,91,93,88,97,90,96,95,95,89,96,81,82,82,80,86,91,94,90,84,102
118,119,120,114,112,122,120,92,109,100,122,114,101,127,116,105,129,114,100,103,95,88,93,107,111,99,92,96,114,104,120,86,120,97,132,94,107,97,86,86,98,104,97,101,98,99,96,93,111,87,100,98,101,96,112,97,113,111,97,108,95,101,117,94,89,93,89,95,96,96,100,98,84,114,100,80,96,106,90,84,81,86,95,90,82,98,75,84,90,101,97,84,98,97,99,83,85,84,87,89
109,110,125,115,111,103,115,111,119,109,109,119,89,133,117,99,109,96,95,106,103,99,97,106,111,114,114,91,117,104,99,91,95,103,108,115,108,100,101,120,92,117,111,102,112,100,89,101,105,104,94,99,103,108,86,87,107,88,92,87,92,103,103,87,85,100,78,98,107,88,101,114,99,85,90,93,88,94,92,95,108,95,96,76,89,81,90,102,83,98,82,77,101,103,85,111,86,85,86,95
115,117,111,129,102,99,114,126,103,96,109,106,103,106,106,93,99,125,124,112,98,118,100,102,92,99,105,99,92,128,110,114,104,103,106,110,84,108,108,103,99,87,100,101,113,77,92,83,108,104,109,97,119,93,77,99,83,93,110,106,112,105,84,87,96,96,102,118,92,94,98,110,99,91,82,94,92,91,97,107,93,83,89,105,106,102,100,105,92,91,84,109,87,86,85,73,67,87,89,92
116,110,113,110,119,116,119,121,110,127,123,117,99,112,111,106,105,117,116,126,110,111,95,113,91,112,93,131,96,103,102,110,105,92,99,108,90,125,99,110,115,102,95,89,97,98,100,102,106,84,86,89,103,100,99,85,94,86,100,106,105,92,96,98,98,89,96,97,105,82,94,87,90,90,98,105,99,85,82,90,91,79,100,96,97,80,109,85,76,75,106,76,99,86,103,82,83,97,93,85
112,116,123,90,125,105,106,105,117,107,117,106,104,115,117,127,116,101,112,96,104,124,106,95,120,86,105,107,114,96,101,90,90,89,117,113,98,91,105,99,101,92,91,96,93,115,95,96,86,102,105,104,102,109,110,93,108,107,97,89,121,105,88,107,92,89,104,92,101,101,99,102,90,77,97,81,97,94,89,97,78,95,91,112,84,111,101,78,97,82,94,77,95,94,83,90,96,101,84,76
118,117,121,117,109,106,110,118,98,108,117,127,128,103,89,113,101,133,107,113,102,107,101,107,89,125,91,110,105,104,99,114,110,117,101,93,98,107,89,93,96,83,114,94,92,99,86,106,92,103,99,94,105,103,96,89,104,94,108,101,88,85,120,88,101,105,90,102,99,93,98,84,74,100,90,92,93,99,117,75,88,91,98,95,90,85,99,98,97,82,85,84,92,99,78,110,91,87,94,91
116,120,112,111,129,106,108,127,116,103,106,125,101,118,121,95,110,115,104,93,102,123,120,98,117,123,109,103,100,113,92,119,106,102,117,117,100,91,87,97,94,96,90,112,118,106,95,90,86,90,94,100,102,102,84,94,106,106,94,112,99,108,79,100,86,103,95,92,86,102,104,84,100,113,107,86,85,93,83,103,95,83,77,96,86,96,88,84,90,88,87,78,97,93,74,104,75,95,85,78
95,94,132,126,114,106,119,84,100,127,113,122,131,103,107,106,105,115,122,103,113,123,100,110,104,98,106,108,109,110,107,110,112,115,101,96,95,96,96,94,84,108,93,104,102,110,110,110,102,82,78,111,107,99,90,123,80,96,104,114,82,96,90,100,91,89,85,106,83,127,99,87,81,86,103,76,73,97,87,107,77,81,104,75,92,106,97,96,99,90,104,98,87,77,106,90,84,85,82,91
108,122,116,140,112,120,116,103,118,97,105,101,115,105,121,126,101,108,127,97,102,114,106,109,101,102,94,118,104,101,97,107,115,96,108,103,113,90,109,96,99,81,102,113,100,110,97,107,94,99,91,117,92,92,95,99,86,99,97,101,82,86,71,85,98,87,99,85,110,95,92,86,105,90,95,83,106,101,91,107,98,89,96,82,98,104,81,83,90,85,94,92,98,97,101,84,98,101,79,82
109,114,135,119,124,133,131,126,123,132,111,119,104,108,121,107,113,126,101,132,99,104,99,105,105,84,97,120,105,110,98,105,76,119,109,99,108,113,90,94,104,110,93,93,92,96,90,94,88,113,90,98,96,96,112,111,87,92,86,86,88,89,80,88,103,88,89,104,85,98,102,101,85,88,90,78,97,85,106,91,75,88,102,99,98,86,89,94,108,94,89,102,97,93,64,80,103,81,86,83
102,127,129,120,111,118,110,122,96,118,109,115,94,98,99,108,114,110,115,86,120,104,109,118,104,117,106,125,115,80,96,105,108,89,95,106,95,101,101,115,105,90,123,84,103,101,121,105,107,108,106,84,102,95,104,109,93,73,87,97,82,101,96,108,87,102,92,110,100,91,107,83,93,93,88,102,96,105,89,95,90,91,108,104,79,85,90,95,97,89,72,88,74,95,93,99,78,72,86,88
126,89,104,102,104,116,128,123,121,125,137,109,111,111,112,105,100,91,125,111,97,100,92,122,114,98,104,116,107,104,117,96,111,110,97,104,95,110,99,95,95,110,103,120,87,100,97,91,123,99,95,93,92,79,100,86,111,98,98,110,78,108,88,92,95,106,99,104,104,117,92,107,86,105,105,98,89,88,82,87,80,92,82,83,89,69,98,83,106,100,84,83,81,73,83,94,100,72,84,109
124,109,132,107,96,125,114,110,105,120,108,99,104,128,108,92,116,104,113,120,103,109,115,110,99,100,97,107,103,90,87,112,110,82,76,112,92,102,98,118,114,113,99,115,106,96,117,86,97,86,93,94,85,106,97,92,100,116,92,102,88,94,94,97,91,108,97,113,104,103,89,90,92,99,87,94,100,91,92,103,105,109,101,104,90,89,87,94,95,89,101,94,83,74,84,81,83,73,93,83
115,128,118,113,110,124,105,110,123,109,99,95,107,120,106,114,103,98,108,121,127,95,131,108,102,97,88,114,95,85,115,97,106,103,101,90,110,93,91,117,106,120,85,109,102,104,116,99,110,110,102,110,97,85,93,84,100,101,88,99,94,93,100,82,126,93,82,95,97,73,100,100,88,90,112,89,106,122,92,87,96,93,95,76,75,79,89,85,100,96,97,89,80,88,87,80,99,89,85,90
113,123,114,111,122,121,105,111,125,118,122,111,113,129,111,103,89,117,115,94,93,103,100,125,114,98,89,117,90,99,112,95,112,117,102,101,108,98,97,117,104,112,98,107,98,88,82,111,116,103,103,97,121,95,91,109,76,92,122,85,94,80,84,103,101,100,94,96,92,73,92,98,107,101,87,90,87,114,103,93,88,100,91,77,83,71,85,88,87,76,70,88,108,91,86,93,101,81,96,87
99,111,115,114,121,107,132,120,111,97,117,117,96,101,111,103,117,105,102,116,107,114,101,104,120,114,110,94,99,91,89,117,101,99,124,104,94,93,80,99,97,92,90,111,85,119,91,88,109,103,105,94,85,116,117,105,111,102,82,104,79,81,91,85,100,95,96,93,95,78,87,99,90,100,96,87,98,99,94,96,98,115,100,94,101,78,102,97,115,96,103,81,76,111,80,87,69,75,95,116
125,122,110,101,114,117,122,115,107,102,123,106,131,116,119,104,108,113,131,108,111,94,114,88,93,112,102,115,93,107,94,99,111,95,96,88,109,97,88,89,107,92,109,103,104,111,102,87,100,78,84,102,98,92,94,130,107,107,107,93,109,93,89,101,87,112,101,98,97,83,100,92,80,93,93,95,82,102,100,98,94,98,87,80,92,91,83,86,104,96,99,83,108,76,101,85,80,86,85,85
129,106,99,116,118,98,124,109,115,116,127,107,121,90,132,101,108,111,94,115,101,108,96,116,110,105,109,100,90,100,105,108,118,110,109,93,113,98,87,103,104,103,84,106,100,104,105,91,100,106,116,108,96,102,98,113,123,101,93,96,93,90,91,84,89,94,87,101,94,80,101,126,100,90,87,99,79,89,85,85,97,66,105,108,94,92,88,89,84,87,80,82,101,95,83,90,86,80,91,94
103,123,88,119,108,114,123,112,102,130,94,111,104,115,104,106,124,108,104,117,113,113,112,90,93,102,99,110,106,113,111,105,112,114,93,125,85,96,112,95,103,103,107,106,84,102,86,113,101,105,116,103,93,109,97,94,92,93,107,78,81,92,78,103,95,88,114,113,95,106,86,97,86,102,106,87,79,75,89,85,112,104,88,97,85,73,99,89,83,82,102,102,89,96,100,100,82,92,75,93
127,130,120,111,111,95,126,95,90,126,119,111,106,123,113,110,117,96,123,123,126,111,103,98,104,118,96,96,111,88,106,105,117,85,103,109,92,104,109,83,93,105,99,114,112,113,104,93,112,94,97,87,99,92,98,100,98,110,111,95,95,103,90,89,91,86,101,93,96,93,111,86,102,98,86,100,89,82,95,73,94,86,77,104,90,85,84,93,90,69,81,80,94,97,80,95,102,100,89,89
96,121,108,126,124,117,132,110,109,107,124,112,106,125,100,108,100,121,115,108,92,100,100,120,95,118,106,96,89,90,102,114,101,122,86,106,114,95,115,102,102,107,85,124,96,103,88,82,97,104,104,89,92,107,91,86,90,110,111,85,94,93,109,98,109,94,82,95,84,102,96,101,86,96,83,101,85,86,98,95,101,105,100,100,102,95,92,84,83,79,92,86,91,90,82,72,106,87,108,73
112,127,106,106,121,119,118,103,109,97,90,116,116,116,123,131,95,116,102,99,113,130,118,104,96,106,99,128,111,104,114,110,119,108,94,117,115,98,107,91,84,97,117,99,95,99,106,94,106,105,105,85,103,93,99,107,93,83,84,104,94,106,85,87,83,103,93,88,81,95,90,101,84,98,90,94,99,94,79,101,88,102,96,95,91,83,78,92,105,77,93,95,73,91,82,70,93,94,100,95
117,110,119,112,125,119,102,97,97,116,97,112,119,113,109,116,113,104,114,107,96,97,107,105,110,99,92,120,96,88,104,103,105,92,112,101,115,96,111,97,100,107,78,94,89,95,92,94,90,102,99,117,103,95,98,97,109,98,97,114,85,86,90,103,86,110,83,108,89,101,95,96,100,79,99,117,88,102,93,99,80,91,107,110,93,102,102,91,76,103,96,98,98,93,104,90,66,77,96,86
133,131,112,103,103,102,124,133,114,101,111,118,100,114,118,111,109,119,119,123,118,105,102,110,119,121,101,106,89,100,110,108,107,87,103,85,90,111,103,90,93,118,109,105,98,98,100,87,73,104,89,104,93,106,89,96,98,91,101,80,87,101,86,108,104,88,86,94,106,107,99,95,97,93,107,95,94,91,83,97,70,101,85,98,97,81,92,82,94,94,86,90,97,83,80,87,84,108,84,94
113,119,96,101,117,111,123,99,110,97,117,110,118,101,126,99,90,116,123,133,99,107,105,115,113,103,112,109,113,107,119,107,113,101,103,110,101,102,100,107,112,108,91,108,108,104,97,101,100,101,97,108,94,93,93,119,85,91,114,100,100,75,90,80,100,80,91,86,98,93,102,91,98,96,100,89,89,103,93,82,85,100,100,87,87,94,95,81,80,107,68,98,93,93,97,80,76,88,82,84
124,117,117,123,114,115,87,123,124,102,124,108,97,113,108,116,113,103,122,120,104,114,109,114,110,113,111,125,91,106,87,122,98,115,101,116,106,98,103,117,105,118,131,79,100,96,92,107,90,106,103,88,89,114,82,95,94,102,103,102,85,94,83,108,103,91,95,83,93,88,74,101,98,71,87,93,89,77,97,81,99,90,95,98,80,89,84,92,76,100,104,98,92,92,104,73,73,82,84,78
117,114,127,126,104,110,123,110,112,109,110,102,129,107,106,116,108,93,123,96,99,91,100,106,106,101,114,97,115,110,116,97,107,107,118,91,115,91,104,90,93,109,115,93,84,118,97,103,101,104,96,99,88,110,109,113,88,94,106,102,94,97,80,74,101,88,89,90,104,104,92,91,107,85,85,87,95,89,81,97,90,82,91,104,84,98,91,102,83,95,86,110,91,79,87,94,103,91,93,77
111,103,128,136,107,101,104,107,98,115,119,112,113,115,105,118,104,105,101,100,125,126,108,108,115,103,89,122,94,94,100,122,106,97,117,102,109,115,94,102,118,112,85,100,99,105,112,106,85,97,117,94,98,100,88,95,93,97,91,108,97,91,89,90,94,102,91,86,86,106,88,95,90,75,80,100,103,96,84,94,115,79,100,84,75,98,97,94,81,97,85,103,94,79,86,95,88,93,90,80
94,111,112,106,131,94,133,113,100,135,90,99,113,121,105,105,119,119,108,116,116,115,107,99,107,110,97,101,104,103,104,108,91,121,122,90,115,101,113,105,105,101,86,95,105,101,79,100,87,89,109,103,101,84,101,99,95,110,94,100,94,103,76,79,98,123,108,100,89,81,92,93,84,78,87,103,88,96,75,107,94,89,101,84,92,98,100,101,73,84,104,92,91,84,87,97,91,105,93,89
133,97,100,110,112,110,112,108,109,113,113,127,99,84,98,122,116,118,135,96,90,109,104,114,97,105,97,110,89,123,100,110,82,108,111,118,121,99,93,86,103,99,100,95,86,110,114,97,101,107,80,90,105,118,103,116,111,98,97,118,77,99,103,97,86,99,86,101,107,72,95,102,105,98,92,89,85,96,84,90,90,84,89,97,93,99,101,86,104,93,87,103,106,91,76,81,95,74,82,80
104,117,123,95,108,95,130,124,134,99,102,121,113,114,79,93,133,120,94,108,125,111,110,104,106,122,86,113,112,111,96,92,91,106,116,110,91,116,101,85,90,99,101,107,94,113,101,101,97,99,116,91,104,102,104,107,96,79,92,94,78,99,88,88,105,92,101,85,94,90,104,98,111,102,87,98,72,101,105,94,91,102,82,99,81,85,90,91,103,84,96,82,95,86,86,89,79,96,99,95
101,102,105,120,118,118,103,110,104,123,93,113,126,106,88,94,130,108,103,96,103,99,113,101,117,105,105,95,102,103,125,114,118,114,108,114,107,110,115,112,90,93,93,111,87,107,100,90,92,101,113,99,95,106,96,112,90,91,101,100,105,106,101,85,77,104,93,104,88,95,89,98,107,84,88,85,97,109,74,86,90,87,101,102,82,99,92,88,111,84,80,88,87,86,93,86,87,80,103,91
118,115,118,99,107,106,111,118,121,121,99,105,88,97,98,99,108,102,124,102,113,111,100,128,87,101,106,116,89,116,92,103,100,107,83,112,107,90,96,111,117,106,116,120,118,89,114,101,106,86,104,104,97,94,112,97,87,92,104,89,93,101,89,94,91,96,98,107,105,91,106,79,79,90,106,91,97,92,100,96,97,86,97,95,91,85,104,102,94,88,62,89,101,90,94,90,84,92,93,88
112,119,117,123,99,92,90,114,97,112,114,110,110,119,110,104,120,109,110,120,94,96,115,115,121,114,99,102,108,116,108,107,122,114,110,106,109,104,100,113,108,112,93,88,112,83,82,94,113,97,105,123,108,97,109,90,107,96,91,81,100,76,97,79,106,107,88,84,104,106,87,81,100,102,101,86,94,84,100,99,93,93,78,72,96,84,111,86,66,89,94,99,96,95,87,82,91,75,84,85
118,121,89,102,103,118,117,115,103,114,111,111,131,104,118,99,124,120,85,109,111,125,98,99,113,108,102,106,96,111,120,91,97,102,101,104,104,117,93,101,97,91,111,104,100,109,105,104,86,125,87,78,85,101,84,102,88,114,109,91,104,103,91,100,90,109,83,84,88,106,119,101,83,100,88,97,89,89,89,94,103,82,103,72,104,93,95,71,86,97,102,89,87,89,91,84,94,78,99,92
110,116,100,116,95,99,122,114,110,108,119,94,113,95,118,111,110,88,127,106,97,89,110,102,108,104,111,114,117,113,111,103,94,90,105,104,108,101,100,109,106,109,83,99,122,84,108,104,101,103,88,104,94,97,103,101,111,92,87,106,89,101,88,84,105,85,98,93,111,93,104,103,78,82,89,103,89,100,93,97,87,73,106,97,105,73,101,99,84,107,87,109,69,85,93,94,98,88,100,97
126,118,110,114,102,127,92,107,122,97,97,135,123,110,108,106,116,105,96,109,93,113,92,90,129,93,96,112,109,116,113,107,102,102,91,87,105,123,75,114,120,120,110,99,96,93,98,108,100,89,114,100,84,109,101,110,89,104,86,93,92,91,104,90,86,100,100,112,87,76,100,101,100,98,102,78,99,105,74,101,101,99,82,103,99,87,83,100,93,99,75,82,72,87,94,90,79,83,88,103
123,128,120,111,124,117,110,112,106,105,121,118,99,115,111,122,104,107,104,109,97,111,115,129,111,107,104,112,120,122,103,109,102,102,111,111,88,113,93,94,115,105,99,101,98,105,101,74,96,112,89,97,90,106,92,102,98,97,100,90,89,100,94,102,91,84,90,95,101,95,101,91,101,86,108,99,88,81,81,96,98,81,94,91,90,96,75,79,80,74,83,98,79,81,103,87,85,72,93,101
115,135,127,109,109,111,96,86,110,112,87,115,126,122,121,108,103,101,109,99,99,123,113,98,105,114,108,108,76,106,117,113,97,101,100,96,113,98,88,112,93,104,93,110,95,133,98,108,82,105,85,106,98,103,101,100,97,99,119,111,85,79,103,91,94,98,90,100,89,112,97,102,96,89,101,98,86,82,95,91,97,89,88,98,94,75,119,86,83,85,67,90,87,81,87,95,94,97,104,80
107,111,99,99,112,100,120,110,99,108,120,118,112,114,102,116,133,109,84,107,111,83,103,102,98,93,127,114,99,95,105,102,109,91,104,110,118,105,98,117,108,97,103,97,118,108,106,91,110,88,90,103,91,99,107,102,97,96,106,102,97,99,89,100,97,82,99,93,102,89,106,93,84,113,69,95,97,101,107,94,95,98,90,96,84,93,78,91,94,86,91,93,101,96,83,98,72,94,103,75
113,142,120,113,114,97,104,109,111,118,113,110,90,120,109,117,107,90,116,107,103,84,107,122,107,121,103,119,84,91,103,114,116,107,119,115,76,93,106,98,81,90,118,100,99,102,99,107,105,101,101,88,114,99,106,109,87,81,102,91,112,94,94,79,100,108,110,106,97,105,96,87,99,86,99,82,82,90,91,96,99,88,79,95,99,74,97,89,94,83,84,81,96,97,89,74,93,96,106,86
123,123,111,117,126,104,105,106,122,116,97,99,71,92,122,83,116,101,113,118,121,110,116,142,111,120,101,118,82,93,109,93,128,94,97,81,106,109,108,103,98,100,97,103,100,113,90,105,102,99,90,106,100,93,93,115,130,95,97,110,82,110,93,95,98,95,92,97,99,102,81,87,74,86,101,99,101,94,72,107,80,90,100,79,87,88,88,82,98,85,66,96,117,97,86,88,83,96,91,95
113,114,138,118,101,126,116,91,106,100,112,131,121,102,107,111,114,90,101,119,134,103,115,109,106,88,105,98,110,107,128,100,103,116,96,98,108,97,98,96,91,99,100,115,101,84,107,94,113,108,91,93,83,104,101,103,99,100,104,86,96,119,96,73,86,98,99,105,96,95,95,87,77,93,112,91,92,72,87,97,107,99,95,101,96,90,68,94,82,99,77,89,90,90,92,89,88,101,82,83
116,114,116,114,115,108,131,126,107,119,100,102,109,91,102,105,120,86,117,98,107,116,108,106,114,101,131,119,98,136,110,97,92,100,115,106,104,116,106,107,118,104,108,86,99,100,91,101,94,112,104,101,93,85,74,98,90,94,116,89,85,100,80,112,102,112,107,103,89,96,73,85,70,89,84,106,114,89,93,95,90,95,67,83,95,101,94,80,93,107,84,95,77,109,95,89,75,86,86,73
122,108,121,118,113,103,115,113,117,124,114,93,103,115,104,115,112,117,106,96,122,114,121,107,101,77,100,107,107,96,118,85,123,115,103,117,95,80,109,114,99,91,104,99,120,100,94,78,99,103,103,104,108,98,98,94,77,91,89,82,88,96,100,108,90,106,108,93,77,104,89,93,103,117,111,91,73,92,106,80,91,81,104,82,101,93,88,84,94,101,88,103,101,78,89,72,98,77,91,88
128,111,139,117,105,112,102,114,129,109,121,94,122,120,95,128,115,92,118,79,109,95,110,109,115,102,86,118,104,115,88,102,93,115,91,93,92,108,106,92,90,109,93,104,98,109,110,105,102,110,77,90,110,96,73,112,100,109,92,83,98,93,101,82,104,90,93,93,80,99,104,87,88,92,105,103,103,98,81,103,79,92,87,89,89,94,104,95,69,112,74,111,111,85,91,77,111,102,74,92
126,117,139,112,125,120,99,129,113,105,109,106,113,114,105,116,100,110,116,117,90,99,109,116,98,113,116,107,85,109,89,118,111,103,94,103,95,98,102,105,108,114,101,105,107,103,84,107,106,119,98,101,93,90,80,115,100,91,101,104,108,95,98,83,96,102,98,79,82,104,88,102,95,95,101,82,88,86,95,79,94,78,89,83,89,87,92,94,93,93,91,74,74,97,90,101,89,85,84,89
114,134,99,96,101,85,119,115,110,114,92,96,98,113,106,108,113,107,108,105,100,139,125,111,117,110,112,101,102,112,115,107,108,109,105,100,90,108,99,112,100,114,109,95,103,102,112,99,90,94,101,91,111,92,91,76,104,103,77,102,96,109,95,102,102,89,116,96,106,90,106,83,83,94,103,91,82,99,93,91,88,87,93,78,100,110,71,83,104,99,85,86,78,95,80,94,77,99,92,94
122,104,119,107,90,129,118,93,124,104,106,137,107,120,109,103,120,98,106,106,96,105,110,98,116,109,100,112,95,115,106,109,91,101,109,111,109,100,102,97,118,119,108,113,109,98,84,106,99,105,101,90,98,100,84,102,96,93,101,111,83,68,85,99,99,92,91,95,89,101,112,93,100,99,87,90,91,80,101,93,91,103,82,83,113,92,79,99,81,85,70,79,115,94,83,78,87,85,119,86
121,112,124,115,92,105,133,110,115,95,107,79,117,103,132,98,109,113,104,94,104,101,93,106,98,110,106,86,115,107,113,115,110,98,114,94,103,109,103,111,103,112,87,96,95,113,107,101,92,113,103,112,142,88,84,90,103,107,88,90,94,93,98,100,101,91,91,113,102,105,100,84,87,99,95,82,86,80,90,101,102,87,103,98,105,98,88,95,94,88,103,84,98,90,75,94,79,77,71,79
103,123,135,100,120,118,121,111,120,115,100,117,102,102,110,103,112,96,107,114,111,109,91,105,121,124,111,99,98,101,100,109,94,94,96,119,129,94,107,88,112,111,92,89,118,105,110,104,95,87,96,101,82,124,89,116,118,90,90,92,83,124,107,85,89,91,89,118,99,101,81,112,82,83,85,87,86,80,97,83,99,82,101,82,100,93,88,72,93,98,85,86,95,80,91,63,106,86,83,105
121,123,106,106,111,106,111,126,107,112,101,111,125,116,109,100,126,101,121,102,111,120,115,108,113,116,112,102,102,93,103,119,103,90,109,90,123,90,103,90,90,110,104,93,100,91,76,104,119,90,112,92,93,106,115,115,96,92,93,94,89,99,96,88,102,78,96,101,92,100,87,89,96,98,112,93,98,104,88,95,92,83,82,83,87,88,94,97,87,84,83,113,73,91,79,94,100,87,86,78
109,101,101,110,119,113,103,118,110,94,112,116,121,113,112,114,96,130,104,93,109,102,116,113,114,109,121,118,103,112,109,108,106,108,99,93,106,99,113,100,109,99,116,96,109,87,110,106,93,107,88,95,104,113,113,89,78,116,89,103,82,96,71,107,81,88,89,78,100,99,99,101,111,100,97,94,83,89,96,95,88,90,92,76,92,93,88,72,86,88,107,95,86,83,82,96,88,93,106,76
135,117,118,108,115,108,119,110,104,113,107,115,131,108,111,108,102,96,108,125,120,99,113,115,101,103,130,103,104,104,95,102,100,111,100,106,107,106,107,92,98,117,100,96,95,94,98,99,104,116,114,80,89,96,94,90,79,88,80,96,106,101,101,87,95,97,109,91,85,109,104,76,81,110,89,88,101,78,93,77,105,110,89,84,112,86,75,81,96,106,97,81,91,76,103,80,84,84,98,85
131,108,105,113,113,116,92,87,120,123,97,122,136,104,128,114,103,105,106,122,117,93,117,108,114,97,99,108,96,102,82,100,102,102,95,92,97,109,115,101,94,110,87,95,97,115,93,108,105,107,108,100,84,92,104,106,94,103,99,108,101,104,87,112,116,97,78,90,95,89,87,94,80,83,106,83,123,102,93,88,85,89,91,100,89,76,86,89,86,101,68,99,86,85,103,101,96,78,100,84
112,117,130,106,116,107,123,119,109,122,112,101,131,109,129,96,116,91,98,111,111,124,98,111,126,96,97,106,97,113,102,111,107,98,102,98,110,94,93,95,122,109,103,104,104,94,107,90,99,84,92,103,114,101,91,85,95,99,105,98,116,100,94,98,94,92,96,98,87,100,101,100,77,94,100,87,91,96,103,95,73,81,76,96,92,76,96,89,82,89,88,94,96,93,85,102,96,87,62,85
123,121,125,111,98,110,98,106,134,122,114,111,120,125,111,103,100,116,107,117,109,99,87,91,115,98,133,84,116,119,96,105,96,110,99,99,118,99,105,98,103,104,93,96,89,96,85,99,110,101,115,111,100,105,96,97,97,104,81,113,106,86,92,101,90,80,120,108,91,93,85,84,87,90,91,98,89,101,86,89,99,75,101,90,111,96,73,105,83,91,100,84,92,86,83,103,76,81,83,78
106,104,111,119,108,114,102,116,121,124,112,114,85,97,112,100,127,110,124,107,104,110,104,115,126,113,127,101,103,111,104,94,112,116,116,97,114,96,107,98,99,82,108,80,80,112,107,84,103,109,83,103,98,100,90,99,95,103,109,104,96,109,91,92,107,101,92,94,99,113,100,88,102,111,85,103,95,83,89,76,92,85,79,84,88,89,100,77,80,81,101,99,81,90,98,77,88,93,74,89
128,131,126,107,112,108,107,110,123,120,99,99,107,115,96,95,110,102,102,92,107,112,126,113,123,114,86,118,116,125,96,108,102,103,107,100,99,103,107,94,116,105,90,93,96,123,97,107,80,86,107,115,120,90,98,90,87,85,111,104,111,103,94,106,89,103,79,93,89,92,93,93,82,96,101,101,89,104,79,91,78,74,83,98,103,93,93,85,93,83,79,80,92,87,90,100,104,87,88,74
116,119,107,113,125,127,109,124,98,116,111,105,109,95,96,108,104,102,116,107,124,114,120,110,111,107,89,96,100,120,124,114,104,100,94,116,87,102,83,93,99,96,109,96,90,102,88,78,112,91,115,113,93,98,107,87,95,90,95,88,91,84,83,105,103,114,106,95,100,114,104,87,86,75,87,88,91,95,97,101,92,85,85,88,100,99,98,103,85,73,88,87,109,102,98,84,90,88,86,97
107,100,108,102,124,118,133,111,118,109,99,116,109,138,107,125,118,104,106,104,107,101,98,123,91,102,121,87,113,91,100,114,94,93,93,113,91,99,99,97,106,110,81,97,112,107,93,101,96,92,105,98,95,87,98,107,115,115,118,116,88,103,98,88,91,90,81,96,90,107,106,86,70,106,106,96,77,90,94,85,77,106,77,96,108,87,85,87,88,95,99,82,91,99,95,89,91,91,90,87
121,106,131,106,118,126,103,122,114,105,117,104,108,117,100,122,119,104,109,96,101,108,119,91,101,105,128,121,97,100,89,114,106,105,102,101,101,112,85,101,107,83,121,84,88,87,94,93,87,87,97,94,104,109,89,99,95,95,90,93,104,99,93,89,106,96,83,98,106,80,97,104,102,93,120,79,94,104,96,85,96,91,100,99,96,85,92,94,86,106,96,97,96,82,98,87,98,89,73,80
124,107,102,113,107,117,98,124,128,110,114,82,104,113,104,109,113,103,109,114,106,120,116,85,106,119,108,103,101,94,103,102,82,109,106,97,102,99,96,105,91,105,95,105,116,102,89,104,113,102,96,98,101,99,87,110,100,96,90,104,107,93,97,102,84,94,97,84,87,92,105,88,112,104,88,92,90,110,99,81,90,100,80,90,102,90,80,82,90,96,104,88,111,90,109,88,92,98,92,65
122,125,127,109,103,113,126,105,112,112,113,99,99,107,92,103,107,105,131,120,124,86,88,108,105,112,105,104,101,110,98,96,123,105,106,115,91,104,117,121,101,106,114,102,102,113,103,102,95,92,92,87,97,107,122,95,93,98,94,94,98,99,81,88,86,97,90,97,107,77,98,89,76,113,109,86,109,82,96,88,104,86,98,83,77,86,89,89,62,83,82,84,113,85,89,85,95,79,87,120
127,130,104,116,97,113,100,123,101,112,111,117,113,92,116,118,104,111,114,115,100,134,101,108,100,120,92,114,108,103,103,96,101,91,100,101,90,84,116,108,110,100,99,87,105,104,100,106,105,112,97,102,90,93,103,97,94,101,98,113,85,97,99,79,86,89,101,92,86,90,117,80,83,92,84,112,93,95,89,87,98,107,95,93,90,112,96,78,87,88,85,102,80,90,95,68,86,95,100,99
106,131,110,112,112,109,108,98,122,100,117,100,126,126,114,104,123,107,122,91,114,113,108,93,109,95,119,97,105,97,96,95,106,92,86,123,102,93,108,111,105,110,105,90,123,110,117,79,88,96,100,119,105,99,92,95,105,98,92,98,106,84,101,93,96,73,107,78,94,77,105,102,82,100,105,88,91,102,93,107,107,86,89,89,103,105,84,85,89,91,93,87,86,82,91,93,92,83,82,73
126,135,121,129,112,113,128,123,112,115,111,101,109,113,117,105,103,117,103,132,102,89,127,128,106,111,101,102,103,114,100,103,102,104,83,88,88,92,109,123,82,102,111,100,91,100,94,107,110,90,102,91,101,91,103,100,85,113,96,116,91,92,85,74,106,61,89,90,98,97,114,96,100,90,86,87,96,99,89,94,89,90,88,93,97,79,92,103,85,101,91,74,87,76,92,89,93,86,77,99
121,112,126,103,113,119,91,127,119,112,108,104,118,108,91,125,96,110,117,113,105,99,104,103,118,103,104,103,105,102,104,106,113,103,112,87,111,86,85,107,108,94,111,114,95,103,101,99,103,106,98,99,99,91,89,100,107,113,105,95,96,103,108,105,112,96,99,102,80,76,97,82,109,96,76,92,101,96,92,87,85,120,106,100,83,83,100,92,93,89,79,84,77,84,87,74,87,79,80,90
130,122,112,120,118,124,113,109,110,97,105,115,127,96,115,83,116,98,109,116,108,90,124,107,100,126,122,85,102,104,84,117,113,98,102,107,104,114,115,98,108,107,99,118,87,103,106,104,95,110,102,102,91,98,85,96,119,89,95,102,90,101,99,89,90,99,92,81,90,80,100,95,81,107,89,75,94,72,77,97,104,94,80,86,97,95,93,100,102,91,86,95,110,84,90,87,82,81,90,84
126,98,124,112,120,99,128,116,122,111,99,106,128,97,108,110,110,100,116,128,114,112,96,111,121,98,104,121,124,101,118,97,101,107,116,118,111,85,109,100,80,90,94,95,90,104,119,101,111,93,87,86,96,101,92,101,89,91,96,107,90,107,100,85,109,92,81,89,92,76,78,103,100,97,89,90,89,95,89,100,88,92,90,87,93,114,95,89,85,78,89,85,86,92,105,87,83,86,82,98
98,121,116,118,94,127,115,126,110,119,109,119,97,112,107,113,129,93,129,106,106,95,109,98,103,118,98,103,102,99,85,108,91,105,109,91,109,109,93,98,107,104,106,105,101,100,105,98,112,103,97,89,102,96,94,110,112,111,112,94,66,109,81,94,106,86,99,83,108,105,71,80,98,101,90,87,110,98,89,93,78,96,85,97,87,98,82,77,96,98,109,94,81,95,95,100,72,72,87,102
117,113,125,106,119,106,127,120,105,103,103,112,102,110,94,101,103,102,94,120,108,99,119,106,119,115,139,99,104,98,102,106,102,93,108,96,101,100,103,124,102,104,110,95,96,103,95,106,79,86,105,111,93,99,91,85,102,92,102,102,94,95,102,86,112,77,100,92,87,102,107,92,89,104,99,81,96,84,101,100,89,85,97,90,85,85,96,104,92,85,95,83,93,92,94,104,84,84,86,96
142,120,105,103,109,116,108,103,115,104,118,99,107,95,101,126,105,123,114,104,102,107,98,112,112,85,110,86,117,97,114,95,117,96,104,102,108,100,105,117,104,106,94,99,78,80,98,106,99,86,95,81,98,106,112,89,95,104,106,90,82,94,111,111,94,76,108,111,94,89,105,92,96,101,107,94,107,87,100,93,100,92,90,89,109,100,75,81,93,96,91,93,106,77,89,88,95,77,92,88
97,116,109,107,110,119,124,106,102,110,102,98,107,126,126,99,103,122,126,101,97,126,101,91,108,113,114,126,115,91,118,115,109,109,104,104,113,104,100,107,104,103,88,96,104,100,116,90,97,93,109,100,97,93,95,109,96,107,89,79,90,98,99,103,92,109,108,94,103,86,95,104,86,99,93,90,84,89,85,92,91,89,89,108,76,82,78,65,91,81,90,88,77,98,97,87,90,95,86,103
122,83,107,96,109,110,116,110,113,111,120,117,110,100,120,97,94,103,121,106,110,91,109,125,107,119,102,110,100,115,106,108,108,95,121,89,95,110,97,102,120,104,96,107,111,94,78,85,84,87,89,112,111,104,100,109,100,103,93,126,94,101,93,100,91,102,99,84,101,91,83,93,85,87,96,100,87,98,79,106,94,91,94,94,93,84,86,82,98,93,87,79,98,81,111,116,95,89,85,83
132,101,108,122,102,123,117,106,115,122,126,111,107,108,108,114,99,104,102,106,104,119,94,103,113,112,98,105,122,90,98,102,113,118,96,110,110,100,104,103,92,106,99,95,89,93,124,108,76,114,93,99,101,118,107,93,93,104,109,80,87,78,104,90,89,89,109,106,85,106,92,81,95,81,104,123,92,104,94,92,92,89,97,71,89,92,80,91,82,99,91,104,92,84,77,84,72,92,88,93
127,117,138,129,119,112,99,112,109,134,121,98,103,98,112,124,117,100,110,121,103,105,95,107,103,89,105,121,106,121,100,97,109,97,106,82,121,112,104,92,96,99,97,100,93,106,90,83,117,96,84,109,86,101,88,97,109,88,114,107,89,78,93,92,99,89,77,96,99,98,120,100,89,94,101,85,89,74,120,92,105,83,84,84,101,104,84,100,81,101,87,86,90,89,80,94,84,86,80,88
108,102,111,101,115,127,128,121,117,99,91,110,117,128,106,106,95,105,138,105,108,112,114,85,118,92,83,107,93,118,104,83,97,108,99,92,113,86,98,110,116,103,98,101,106,92,93,86,92,117,116,94,94,103,121,94,109,80,86,104,84,94,102,87,86,86,75,110,88,83,101,100,92,104,127,100,90,105,84,100,86,90,95,90,97,94,108,101,80,102,88,91,89,91,86,86,88,92,102,91
123,111,120,105,95,118,102,102,118,115,113,116,106,117,108,104,95,110,97,122,111,103,111,109,101,106,110,137,104,98,90,95,97,108,93,103,92,98,94,88,106,102,99,88,103,105,93,98,97,82,117,95,84,101,87,101,101,97,110,105,109,108,101,96,97,108,110,99,96,90,91,97,101,88,93,72,105,94,85,91,99,90,108,81,97,86,87,94,84,95,95,97,98,77,98,105,101,84,92,85
118,123,108,114,110,128,112,86,120,108,100,106,97,106,106,100,114,112,107,104,101,114,101,92,125,102,106,100,104,117,103,113,100,110,105,107,113,113,93,106,104,97,92,106,88,118,99,97,105,101,102,94,113,115,100,99,89,95,114,94,94,92,98,97,96,90,107,97,89,107,98,102,96,97,91,89,98,91,90,97,84,100,95,86,86,86,93,104,81,79,85,81,86,93,82,95,81,97,75,89
132,97,136,113,91,128,124,111,108,97,96,116,114,107,124,100,105,109,110,99,115,93,115,89,111,108,94,102,106,108,112,109,106,111,128,107,105,95,106,108,98,111,96,101,106,100,107,129,89,112,87,97,92,95,93,116,90,107,110,106,95,94,88,88,90,93,87,100,115,96,96,88,92,82,93,87,103,90,90,85,94,89,107,89,89,91,85,102,91,94,86,86,83,91,70,79,95,90,81,69
113,112,102,113,118,99,99,108,102,112,106,108,108,116,107,118,115,123,123,126,95,136,107,124,90,113,106,93,96,88,79,104,117,114,115,110,121,99,89,86,98,99,94,85,85,111,101,91,91,112,106,100,124,115,80,118,97,97,99,100,118,103,82,89,80,107,95,96,92,106,92,92,85,112,79,95,102,106,90,91,83,97,80,77,101,94,86,90,94,89,115,80,79,84,97,87,90,85,79,88
120,120,123,110,146,112,106,115,115,117,109,122,91,103,105,108,104,111,120,103,100,99,112,113,98,98,110,125,104,95,99,113,92,101,97,111,118,106,120,93,106,83,101,117,118,102,111,96,111,85,115,94,95,98,95,107,96,80,95,86,96,92,83,93,92,99,83,98,91,101,85,112,97,105,97,86,95,84,91,89,84,86,121,94,86,96,96,89,91,82,80,89,85,85,74,89,82,93,91,83
106,116,117,106,102,133,107,106,113,106,101,101,105,95,102,129,107,104,95,113,113,104,122,118,110,94,101,115,98,126,114,101,104,97,111,90,105,110,116,98,87,88,107,103,100,114,84,98,110,93,103,116,98,99,89,86,96,99,118,108,99,87,107,83,97,97,103,89,92,96,93,113,89,76,103,106,102,101,90,91,109,85,80,89,104,79,78,82,106,102,83,78,86,85,85,81,90,98,90,89
115,107,132,110,120,137,125,128,113,112,105,106,109,115,106,124,88,121,115,97,124,106,106,117,105,111,106,99,109,110,133,108,112,71,112,99,99,99,100,108,125,87,93,106,92,90,124,84,98,96,111,93,100,95,76,89,122,94,96,97,94,100,102,117,79,92,87,120,96,68,81,93,85,100,98,114,79,99,78,89,84,92,81,101,82,90,81,87,75,94,86,78,84,85,96,89,88,79,90,100
114,128,116,112,111,119,123,111,117,111,128,120,113,101,117,112,108,103,115,106,88,119,111,105,113,116,103,113,113,109,115,91,100,114,105,110,92,95,96,117,130,92,100,105,104,97,99,95,113,97,79,100,99,108,99,95,87,102,98,79,85,98,105,95,87,107,95,95,101,87,94,91,84,106,92,103,96,87,101,90,85,77,80,94,85,78,71,93,88,83,97,79,85,104,80,92,100,88,87,67
133,118,116,120,116,105,118,110,111,126,110,101,110,119,94,123,110,100,117,112,115,108,93,118,84,102,119,93,123,104,116,118,98,103,100,93,110,91,93,100,107,106,109,81,87,99,120,109,110,92,84,108,111,104,95,104,95,86,111,84,90,94,107,111,102,100,89,90,86,85,87,82,97,100,95,91,93,73,113,80,100,95,88,96,81,78,102,88,82,84,87,90,81,104,90,76,95,91,99,76
108,113,130,128,128,104,113,119,117,102,115,115,115,105,112,116,106,103,99,115,110,102,105,110,107,107,115,118,113,108,111,104,112,98,112,102,102,106,111,105,108,104,96,96,102,108,86,89,91,98,102,91,120,105,91,91,97,103,100,96,82,93,106,88,90,88,75,99,95,95,82,95,94,82,103,89,99,84,87,88,94,90,114,91,85,102,80,97,99,113,84,77,80,84,93,84,84,90,76,74
90,112,106,112,106,133,118,123,103,104,114,100,115,101,124,113,119,113,104,99,121,106,119,120,126,98,120,103,83,100,108,98,99,120,96,121,80,111,115,107,96,88,83,101,114,96,103,101,80,97,86,120,88,112,98,109,91,107,85,109,98,99,97,101,89,115,93,82,109,98,90,83,93,99,93,101,96,105,94,96,66,75,94,86,86,86,104,94,95,74,84,98,78,96,97,84,77,93,86,92
123,126,106,103,111,125,127,106,98,118,112,88,101,118,123,101,99,89,102,99,109,108,105,96,109,115,107,99,121,104,103,99,117,117,122,109,94,114,111,93,94,93,105,84,94,90,90,93,100,101,101,84,106,97,93,86,87,109,101,77,87,105,101,93,99,89,96,104,102,99,115,104,105,110,100,82,107,93,96,100,74,88,92,94,96,93,108,92,75,104,93,89,81,88,77,109,89,84,88,87
112,116,128,100,114,115,114,101,105,129,109,88,123,114,112,120,105,99,108,123,98,104,107,97,116,107,98,103,105,106,100,103,91,101,106,99,106,117,91,103,96,81,91,91,116,111,115,96,93,111,93,134,99,85,100,110,90,106,92,100,87,103,105,81,88,92,100,96,100,87,116,88,79,98,102,92,104,111,89,95,72,105,103,90,91,95,94,94,82,70,87,98,84,79,94,81,105,90,87,83
118,124,117,104,129,129,104,125,134,92,116,129,109,100,92,109,110,103,95,117,114,98,119,89,105,104,98,90,101,107,102,100,98,92,111,111,98,104,110,107,101,94,103,100,108,101,85,107,88,81,107,104,109,91,102,86,108,108,110,91,100,72,100,92,91,96,109,99,105,101,96,98,101,100,81,91,106,91,107,105,99,98,90,91,82,78,73,93,111,101,93,94,79,73,86,64,91,93,91,81
100,123,112,127,108,115,112,100,123,118,122,112,113,117,120,109,109,102,109,109,111,117,115,97,112,98,92,124,111,80,119,110,111,87,103,113,109,122,88,105,82,116,100,118,97,114,109,105,105,103,104,77,99,95,83,97,84,83,94,109,90,90,115,80,98,72,93,96,101,100,88,75,98,90,78,84,101,92,104,96,79,91,110,79,100,101,119,78,86,87,88,93,82,85,83,90,106,78,79,87
97,122,117,109,107,114,121,111,117,117,104,110,99,111,109,101,100,114,118,112,114,103,106,124,115,101,108,111,99,111,99,106,108,105,105,98,93,99,132,112,94,111,99,101,98,86,108,86,107,103,85,95,88,103,102,98,98,96,93,95,83,97,93,86,97,85,105,94,110,96,104,93,100,107,86,93,95,76,99,91,95,94,79,91,98,96,96,102,83,86,87,75,79,102,93,83,88,88,79,111
119,93,106,121,130,108,117,108,112,121,98,110,104,110,103,116,118,96,122,94,136,113,97,98,102,119,102,103,89,87,108,107,102,105,99,103,120,99,94,113,91,85,119,113,96,86,106,91,100,97,87,83,95,94,98,102,102,111,106,91,88,114,108,95,96,97,95,93,91,90,78,93,97,104,79,108,97,77,88,85,96,93,113,90,101,101,98,91,87,83,83,85,96,93,97,87,95,111,84,88
106,111,105,116,134,137,122,135,85,101,105,99,109,88,119,124,94,110,101,99,96,112,108,114,98,104,98,120,124,99,92,104,97,94,101,107,84,112,104,106,101,95,102,80,99,99,95,100,109,108,104,109,105,97,89,103,95,114,119,100,87,85,96,99,95,93,77,85,94,69,96,111,102,114,91,91,96,91,102,88,87,86,100,89,99,104,79,74,92,78,88,98,99,96,111,91,91,90,88,101
96,101,122,106,89,124,117,113,125,118,110,112,122,94,109,100,95,99,110,104,108,116,100,110,123,96,110,109,104,103,116,107,95,101,104,105,100,99,125,112,99,97,93,102,106,88,109,95,114,114,77,104,98,104,114,85,92,97,99,85,95,80,91,107,95,98,100,94,109,98,102,91,105,109,87,96,98,102,99,113,88,96,109,92,74,82,89,83,88,93,100,94,70,88,92,81,73,103,69,86
125,112,91,117,129,119,91,123,118,98,108,111,102,109,114,93,83,101,106,103,120,108,120,88,109,95,95,98,97,91,115,105,98,99,93,118,100,89,107,90,88,118,110,119,114,87,101,115,119,93,112,87,81,112,114,106,98,105,100,106,93,86,94,94,119,92,114,92,78,90,79,91,96,102,113,77,103,88,95,88,104,96,82,95,91,106,95,97,80,91,102,88,87,95,96,100,85,107,64,82
108,116,121,115,120,94,101,111,115,108,100,112,127,108,108,108,118,116,110,114,100,101,118,109,130,103,105,117,105,116,96,103,105,109,109,95,86,94,91,76,110,102,96,87,90,92,90,109,86,102,94,79,96,108,99,96,88,111,83,91,109,98,94,105,97,93,110,100,99,112,99,102,87,99,98,98,111,107,107,96,93,88,96,96,83,93,91,96,91,91,105,86,62,71,102,89,84,90,81,84
105,116,111,123,111,102,106,120,107,116,115,101,136,111,111,108,122,106,105,96,101,107,92,115,95,108,119,95,109,112,106,113,101,112,109,103,106,96,105,80,99,103,100,100,104,105,105,112,84,81,96,107,98,93,91,97,91,89,95,102,106,90,93,89,99,105,76,105,86,105,92,86,105,110,96,105,91,101,90,89,91,81,93,85,86,82,101,109,92,71,98,109,97,82,89,94,90,90,96,81
109,124,117,117,109,133,129,131,128,115,126,113,109,127,115,119,92,118,110,112,95,108,101,123,105,100,101,87,90,90,134,101,115,93,113,101,98,89,93,93,112,84,109,106,109,82,104,103,108,81,103,82,116,104,89,106,71,94,97,88,77,86,98,96,106,94,86,95,87,110,95,101,100,98,82,98,84,90,98,90,101,91,105,92,96,74,79,101,87,65,101,87,95,102,98,87,90,98,77,72
119,120,137,114,146,120,124,127,118,113,108,118,85,95,98,111,112,119,86,111,101,99,109,96,95,116,105,94,98,104,101,112,85,96,95,105,105,108,113,89,110,96,110,110,117,108,96,99,102,98,93,90,96,127,85,85,91,89,119,101,77,93,94,92,93,95,95,81,102,92,99,107,93,105,82,102,80,94,106,110,84,90,95,94,87,90,97,86,84,78,89,94,78,89,105,85,89,101,89,75
113,114,117,116,128,111,95,100,104,98,97,112,125,112,128,103,108,108,100,107,108,96,98,104,93,119,95,92,97,120,109,96,121,98,113,108,93,98,108,110,101,96,96,105,113,116,90,97,94,107,95,106,102,97,100,96,105,104,108,103,99,90,86,115,95,89,84,111,100,77,92,101,116,90,100,102,92,79,92,85,103,89,84,94,93,94,104,84,97,66,75,102,78,85,85,95,99,86,88,101
116,131,124,113,138,121,121,118,101,119,121,97,132,111,107,106,107,105,94,107,118,106,87,121,92,96,91,80,114,100,87,119,102,117,107,90,93,93,126,101,100,108,110,112,109,96,92,93,112,116,112,83,104,96,103,78,113,91,100,93,105,114,110,88,86,92,103,78,93,100,84,86,101,86,96,111,94,88,104,94,112,92,87,90,86,95,78,91,90,96,78,88,78,86,90,74,80,77,88,81
103,112,116,116,117,120,100,124,106,116,105,97,96,107,99,113,116,103,105,127,95,97,121,84,116,98,83,107,95,93,100,112,108,116,128,133,110,88,101,99,97,100,84,117,80,118,91,110,84,101,115,85,93,92,110,95,91,97,101,102,95,99,112,88,87,96,117,96,94,94,121,104,82,90,92,81,90,107,94,97,102,87,108,85,85,83,85,88,78,102,93,93,94,95,97,85,92,81,102,84
118,123,97,106,126,109,118,102,108,113,78,142,103,105,112,101,94,117,92,87,109,119,93,111,119,108,115,108,115,112,130,111,95,106,84,97,93,112,93,111,105,84,106,102,100,111,103,102,98,93,90,86,93,105,92,92,104,86,104,112,102,118,89,93,96,72,92,81,92,82,84,101,99,92,93,96,106,96,102,79,111,98,107,103,97,110,105,87,100,84,94,84,76,90,89,101,86,86,79,88
96,117,117,91,127,137,113,96,108,124,101,130,108,115,121,92,111,105,126,95,113,115,93,116,134,108,108,110,97,97,102,84,114,95,118,108,85,115,117,116,98,97,109,109,90,97,92,87,104,103,105,106,87,85,94,84,101,99,109,109,84,80,98,91,111,87,92,88,92,87,93,99,97,93,100,86,101,69,112,92,89,98,90,94,91,75,93,99,93,91,80,81,97,99,93,81,102,93,89,80
97,106,133,105,115,100,99,102,103,125,108,122,102,130,112,113,111,107,106,104,116,98,90,104,117,113,116,118,105,112,108,97,117,105,96,88,104,89,96,98,81,97,122,118,125,97,95,96,109,102,86,95,88,106,97,116,111,103,100,106,96,107,111,108,110,81,82,87,71,101,91,89,88,101,105,96,103,79,95,86,74,91,99,95,90,94,81,87,102,98,83,79,94,84,83,91,87,88,79,97
120,101,110,130,105,91,97,100,101,105,110,119,119,115,118,96,104,111,109,121,126,111,94,104,108,107,102,97,108,111,111,106,96,100,116,102,78,109,98,100,108,85,98,95,101,87,130,106,95,80,83,102,100,95,124,107,102,94,98,98,102,99,114,93,116,97,99,101,87,86,97,94,94,120,83,97,94,86,68,91,93,98,110,99,87,99,88,116,86,81,83,94,97,74,78,92,83,97,85,88
128,107,119,115,110,95,112,104,122,111,105,111,105,105,90,121,113,124,81,111,123,109,90,117,107,107,97,106,91,112,105,104,103,116,97,102,114,86,130,95,92,105,104,110,117,89,98,92,85,96,104,96,122,87,105,101,103,100,82,95,108,94,102,88,89,110,97,93,94,87,95,94,94,86,90,99,108,98,104,78,96,88,86,90,87,99,82,81,85,84,109,97,94,106,98,88,92,78,86,83
122,118,91,117,103,111,110,115,118,97,108,122,114,105,98,92,106,108,108,93,101,112,87,118,115,103,95,115,92,97,112,96,94,108,111,102,82,129,105,118,97,109,117,105,103,86,118,101,97,100,112,102,98,85,91,72,113,106,114,99,89,86,105,101,92,87,89,82,99,101,97,87,103,84,97,107,105,80,98,90,94,104,93,82,111,97,76,98,92,95,90,88,89,97,78,90,92,91,92,99
130,140,111,106,124,114,91,118,114,94,108,123,130,107,101,96,111,102,92,123,100,115,108,117,102,107,115,104,104,108,79,85,100,93,106,96,111,104,99,129,96,88,94,103,107,112,111,119,99,90,83,95,111,92,99,99,103,106,103,96,99,82,85,95,109,98,107,117,112,98,93,97,83,103,95,93,95,103,74,75,87,80,89,79,97,88,87,74,97,82,77,95,86,92,94,89,79,89,107,96
103,107,130,108,104,108,105,109,118,113,105,111,104,122,106,117,106,87,109,99,106,128,108,120,101,114,87,105,110,105,97,107,101,106,106,97,98,82,90,117,99,88,97,96,103,87,89,104,97,107,90,127,96,104,114,117,101,98,102,101,77,85,93,102,120,89,106,95,94,104,103,93,104,92,98,101,82,88,105,87,92,114,92,86,103,92,86,88,92,89,96,98,72,95,79,90,87,86,80,92
98,116,114,123,97,119,87,121,104,119,100,99,123,104,100,114,135,112,121,101,98,99,128,107,114,107,97,103,108,111,109,102,113,118,92,115,111,85,104,102,99,118,97,117,109,101,126,95,122,101,95,105,89,115,104,97,95,97,86,99,82,99,86,104,96,80,82,100,103,93,100,88,96,86,89,100,100,80,79,86,89,107,99,68,113,93,80,89,91,82,78,82,79,99,97,88,86,84,90,80
125,92,126,122,135,129,95,114,111,121,111,110,111,121,113,124,118,117,111,103,102,101,94,105,108,120,122,98,103,99,116,99,109,84,104,98,92,108,92,97,91,104,89,109,111,100,90,91,107,98,106,101,118,100,94,92,96,112,114,88,109,82,72,89,99,100,103,74,90,91,92,71,109,86,103,93,99,86,96,90,82,107,89,78,99,111,93,85,87,85,89,89,81,85,81,82,94,100,88,90
112,132,112,117,121,107,104,113,113,108,111,113,109,101,131,104,96,94,89,119,115,120,123,117,105,91,98,106,103,78,93,96,93,89,123,113,90,92,94,102,85,110,102,98,88,89,99,108,112,108,77,115,100,97,106,80,101,98,94,95,107,92,106,95,100,85,112,105,92,105,100,103,105,77,97,116,102,102,82,88,92,117,107,102,104,81,95,68,107,71,94,85,91,70,62,86,113,103,98,74
113,104,110,112,122,103,109,115,114,116,96,118,130,88,126,114,112,96,111,105,120,107,108,108,102,98,117,98,119,112,110,126,92,98,85,97,117,101,89,103,92,100,89,106,87,106,100,115,112,100,112,102,90,106,100,107,88,94,110,78,81,96,99,100,86,95,93,108,103,89,95,92,83,98,108,107,87,86,88,97,98,81,106,97,111,81,99,84,89,103,89,91,88,86,71,78,98,97,77,70
112,119,116,125,104,103,101,106,109,119,108,121,104,117,114,117,105,106,95,90,113,102,94,94,98,120,113,114,98,87,93,110,100,97,116,124,111,126,115,111,90,105,117,107,84,101,106,104,100,87,102,93,102,105,111,105,120,94,97,96,85,101,92,80,96,111,85,78,85,82,76,83,101,91,102,80,87,90,89,86,90,93,83,93,86,96,90,86,103,94,87,115,89,99,77,103,96,99,100,88
120,135,122,110,113,113,121,120,137,97,103,116,76,109,123,86,109,109,103,116,119,111,107,93,108,107,97,112,91,113,113,93,103,101,103,133,95,95,125,93,110,121,98,101,94,107,101,102,95,99,89,89,100,77,91,120,81,95,102,93,113,95,95,68,74,93,98,94,96,98,95,89,83,87,93,92,91,89,89,91,105,83,101,89,102,83,98,105,90,98,78,100,81,97,87,87,91,118,75,94
116,118,115,123,122,94,123,89,116,99,102,109,90,94,108,128,111,111,109,109,110,111,122,101,131,103,127,100,96,98,110,97,113,104,101,96,116,91,111,95,90,108,94,110,118,89,94,93,107,106,97,116,109,102,100,94,90,93,101,95,101,84,92,110,83,89,103,87,100,108,102,90,100,95,91,96,80,105,99,90,92,79,94,108,107,101,96,86,84,76,77,89,88,75,83,100,77,78,88,92
137,118,112,122,112,112,116,104,129,111,112,107,103,112,97,111,119,97,125,120,103,101,103,116,102,124,101,99,116,111,106,113,98,107,111,97,123,107,103,100,95,104,87,116,105,101,92,92,104,86,98,95,116,70,97,95,114,80,105,86,95,106,90,81,88,102,78,88,93,107,89,92,103,99,85,91,75,99,90,102,79,96,94,93,83,74,94,87,103,91,90,84,94,90,102,95,91,94,71,87
106,117,107,135,118,136,103,95,128,120,115,105,110,114,107,101,113,116,115,96,109,122,110,96,94,109,115,110,86,111,89,91,105,131,90,90,107,100,118,114,109,108,100,97,94,101,88,102,101,80,95,104,90,99,105,92,87,80,94,96,107,98,124,84,95,101,124,101,92,90,103,93,92,95,91,98,85,90,87,93,91,102,86,84,86,97,86,94,86,99,80,83,78,91,106,72,95,91,91,83
120,110,135,104,121,117,107,121,105,119,106,107,111,110,99,112,105,96,103,118,103,117,106,112,95,117,102,109,98,109,104,101,105,112,94,88,110,101,92,92,103,96,104,108,99,97,97,98,90,111,114,106,95,102,95,98,85,105,101,111,100,86,85,119,112,99,85,93,83,90,86,94,91,113,109,85,98,95,104,78,96,82,96,93,69,90,93,80,101,92,77,110,92,92,90,88,80,94,84,88
106,125,111,115,134,99,113,116,114,102,108,118,118,103,114,106,115,110,93,105,108,95,95,115,90,104,102,106,99,122,96,117,78,112,82,120,97,121,104,106,99,101,104,106,109,115,97,113,81,98,91,108,93,96,100,94,89,106,98,106,114,76,91,96,108,77,99,96,92,99,83,83,109,101,76,95,93,92,97,87,89,98,91,93,98,90,99,89,105,93,99,103,89,90,79,92,80,88,85,88
113,136,123,105,103,116,112,109,101,105,125,126,110,107,109,103,128,106,111,98,106,100,99,128,111,100,92,93,103,101,111,94,119,98,102,119,96,91,107,101,87,96,94,100,119,105,96,99,104,107,102,83,99,94,116,92,99,108,106,95,92,103,78,98,90,101,99,103,97,87,80,115,98,90,82,91,82,93,79,107,85,85,97,101,106,67,97,72,106,100,100,101,98,89,75,100,80,91,77,90
100,123,96,123,100,113,107,102,94,119,106,119,111,114,122,117,126,107,100,97,128,94,99,98,109,117,105,96,103,94,117,102,99,97,101,99,102,109,93,96,99,71,101,127,104,99,116,99,94,111,99,111,112,106,91,97,104,104,98,103,104,101,86,109,100,96,107,76,90,101,111,93,94,93,103,82,94,89,98,80,79,101,83,95,90,90,82,85,100,98,88,77,79,86,97,96,91,95,75,106
122,90,103,93,129,111,115,125,89,116,102,124,125,111,109,123,125,90,114,112,114,95,112,111,110,105,115,99,114,105,96,114,104,97,96,118,117,106,93,93,100,119,126,95,90,103,91,97,109,108,105,109,115,100,101,89,96,99,103,85,108,89,82,110,89,93,109,91,89,100,99,91,94,102,105,97,107,79,93,79,81,88,76,71,77,76,114,91,65,98,77,90,91,93,81,88,88,83,95,89
116,122,100,113,96,109,108,109,101,116,126,99,113,134,107,108,87,109,101,104,91,114,101,103,103,117,110,110,99,115,106,108,102,101,110,91,102,100,113,95,105,98,94,108,115,116,103,99,91,103,95,106,80,100,109,104,97,116,109,94,87,99,88,105,100,89,118,98,67,102,80,112,87,109,91,96,87,97,83,87,98,86,96,85,87,108,91,95,95,84,103,91,90,69,100,66,90,90,98,85
127,116,138,106,107,116,120,112,97,104,105,103,107,116,128,116,111,105,87,98,103,116,108,115,108,95,122,107,120,89,100,107,108,81,125,100,103,116,107,82,86,91,114,102,104,89,109,105,99,92,106,103,115,95,74,99,84,89,107,106,100,93,90,96,102,96,97,112,91,98,104,92,89,80,93,97,93,76,96,92,99,96,87,81,84,95,90,96,90,90,96,89,99,92,95,92,87,82,79,94
123,117,105,101,124,98,103,123,97,114,117,130,90,100,88,109,102,103,110,109,90,116,119,133,115,96,104,117,105,105,111,107,99,106,102,112,112,114,107,101,87,108,104,114,107,88,99,96,94,105,110,106,110,87,90,98,96,102,96,93,112,91,104,82,110,101,89,115,98,91,95,90,103,101,100,88,93,74,89,97,83,74,96,99,103,84,97,71,75,77,103,81,94,91,98,83,79,81,90,94
121,110,121,115,118,104,117,124,144,102,97,103,101,122,103,106,124,119,107,113,100,105,94,111,116,109,96,84,101,117,81,110,106,99,101,112,87,82,96,113,98,107,115,89,102,106,111,105,98,115,94,102,100,111,107,110,89,104,103,101,97,91,71,112,100,118,98,103,99,102,87,102,88,90,91,101,97,88,88,92,88,82,92,80,95,76,90,74,96,76,72,91,77,93,90,104,75,85,94,97
131,122,101,108,118,99,115,104,127,111,135,122,104,113,105,126,94,118,113,112,103,106,98,113,120,103,107,109,100,100,113,111,84,95,109,94,98,112,91,91,92,112,100,111,103,85,91,94,120,87,101,92,88,105,102,95,94,102,83,103,97,107,94,79,96,98,102,98,97,92,87,95,104,92,97,101,105,83,105,93,79,74,111,96,82,90,77,91,84,91,97,88,106,96,83,75,86,93,88,96
130,112,103,115,126,119,96,118,123,112,114,106,117,123,108,119,103,104,104,111,114,109,115,117,107,95,108,112,94,99,112,108,97,109,94,98,97,92,101,100,120,109,101,91,122,91,103,103,98,92,110,99,82,105,109,103,88,87,109,94,79,93,95,103,92,87,119,101,85,103,73,88,78,90,102,89,86,87,109,90,108,89,95,83,83,83,100,86,84,93,76,108,97,95,99,79,84,82,90,80
111,87,106,119,126,120,135,108,103,111,115,118,121,107,110,115,110,111,109,117,108,123,87,121,98,110,116,109,104,112,108,96,120,96,100,105,115,111,104,102,100,105,97,100,111,95,105,92,106,97,92,86,85,90,94,98,93,102,106,104,105,109,98,83,88,102,88,90,118,101,95,81,90,91,85,95,95,95,89,89,91,79,87,88,90,91,113,70,74,86,84,87,82,83,91,89,105,94,95,72
119,90,139,107,121,102,110,102,103,111,107,117,120,109,107,102,125,116,108,113,111,93,97,129,120,95,111,101,96,105,118,90,106,93,99,102,104,108,91,98,111,112,93,95,93,99,97,125,99,103,112,102,86,112,96,104,103,105,113,91,113,87,82,91,97,99,99,95,86,92,81,99,93,94,97,98,76,81,121,83,91,98,89,88,105,74,109,77,94,75,80,97,110,103,69,90,94,94,90,63
118,105,113,127,100,120,107,115,99,116,94,108,94,109,130,106,125,94,89,110,103,131,102,106,108,111,95,113,107,91,107,94,101,98,109,96,105,97,109,103,102,100,97,100,104,91,104,106,116,106,100,85,96,82,95,89,107,104,118,120,101,85,106,115,123,115,86,85,97,88,112,85,78,105,122,90,80,98,88,93,80,104,99,90,76,107,88,92,82,75,93,87,75,78,89,93,79,91,96,87
95,126,95,115,103,103,105,113,123,111,115,104,119,119,89,113,106,106,112,128,111,89,101,101,93,121,110,104,113,96,122,96,103,92,120,114,112,103,90,112,96,117,102,102,110,102,115,88,111,88,91,90,81,106,95,95,91,86,82,101,91,127,82,82,93,103,97,100,101,92,121,95,97,107,91,100,90,107,87,89,85,97,100,80,89,100,86,103,85,86,77,94,87,74,98,75,117,91,81,91
120,114,139,116,120,124,130,114,114,113,105,126,99,107,110,114,102,106,125,90,120,118,119,105,99,115,108,94,109,108,122,111,95,89,114,97,98,91,117,94,91,126,90,102,91,90,98,92,98,90,93,101,100,82,82,107,99,85,109,80,96,87,100,103,104,94,97,86,109,90,108,84,93,107,83,93,90,95,99,108,83,100,75,84,78,113,108,98,90,98,87,94,86,82,99,88,79,74,71,70
118,118,112,122,104,117,126,108,109,128,123,101,125,126,99,102,117,96,121,125,98,127,92,95,103,110,101,92,108,94,97,105,104,91,105,95,98,114,97,99,91,120,122,126,86,89,91,88,106,103,103,97,107,91,104,121,97,103,96,104,94,96,79,92,88,100,83,83,102,96,81,98,88,81,80,88,96,102,96,113,91,89,100,90,85,107,74,96,86,93,89,67,89,86,93,82,93,93,91,103
119,122,121,102,94,125,115,98,114,117,119,123,99,125,114,122,100,113,101,130,94,118,107,112,110,113,107,123,96,99,97,95,93,103,99,86,107,87,114,113,99,104,97,118,97,101,100,110,101,107,115,103,87,89,99,95,100,89,94,91,90,83,110,90,102,105,94,104,106,81,84,100,101,81,94,89,85,88,89,98,70,101,79,95,91,80,94,93,85,101,82,101,87,103,99,78,82,80,92,91
119,131,103,110,121,101,113,104,109,117,132,117,100,116,104,110,132,101,101,94,118,112,116,113,105,124,83,109,93,108,107,104,106,102,106,105,100,92,104,91,114,114,88,101,90,111,117,118,79,103,88,96,101,109,86,103,91,106,99,91,88,112,99,80,79,98,105,86,95,102,99,82,85,74,94,94,86,89,102,95,106,91,84,90,78,89,88,93,87,94,113,95,88,77,78,91,87,99,98,92
114,110,126,123,109,119,122,112,112,94,108,121,108,113,102,140,119,128,115,114,105,98,108,105,99,119,99,117,109,114,96,97,117,96,93,89,107,125,99,90,91,110,107,96,87,95,98,87,103,111,108,102,82,92,99,96,90,93,104,89,98,96,117,91,97,107,107,85,82,99,98,107,100,77,106,89,92,96,99,101,92,100,73,93,76,85,100,93,78,88,86,73,96,100,62,93,76,91,86,84
113,128,109,119,105,128,124,114,115,116,104,124,109,112,95,83,134,106,98,133,111,105,102,117,108,125,95,93,107,95,99,100,107,96,115,87,100,110,91,109,91,110,104,96,114,103,88,109,110,97,104,109,113,94,96,92,114,95,86,98,100,109,110,83,83,97,78,113,96,88,107,84,104,94,97,80,90,90,96,88,100,85,91,99,87,103,75,87,80,91,74,101,79,87,98,90,78,85,78,81
114,118,128,109,119,96,123,99,102,120,106,139,119,101,105,102,130,92,112,108,100,111,101,126,97,105,97,101,98,95,95,93,111,117,90,109,114,108,107,117,91,112,100,102,109,88,86,91,98,107,109,90,108,109,99,101,116,100,66,88,94,116,96,92,100,91,101,106,83,72,92,109,94,95,81,107,89,88,99,97,106,98,82,98,102,85,95,86,91,65,102,81,80,111,77,92,103,79,84,77
115,104,121,110,122,120,113,116,128,113,91,99,95,124,96,114,104,109,106,123,93,95,115,126,103,91,128,97,119,98,93,96,110,91,95,104,101,89,112,105,101,90,103,98,109,96,96,105,95,83,97,115,113,95,101,87,113,111,81,106,97,98,92,100,96,91,85,100,103,94,122,92,85,92,86,90,90,98,87,82,92,92,90,87,89,91,97,96,112,96,96,106,72,75,107,86,82,92,86,97
116,127,114,109,120,122,113,109,118,112,98,104,133,105,111,87,100,123,122,92,129,99,98,116,113,94,96,89,120,96,89,101,117,114,93,102,117,102,110,116,104,107,98,109,100,113,83,85,102,89,80,88,95,101,91,95,104,96,94,112,103,82,108,110,110,91,101,88,94,105,72,89,96,79,85,86,93,92,112,83,91,90,110,86,94,102,97,90,83,91,93,111,95,95,87,89,83,65,99,78
116,110,118,121,110,119,110,118,107,109,120,101,103,113,109,124,109,113,109,133,101,94,92,103,93,101,96,103,103,103,104,109,96,103,101,107,104,104,88,99,107,101,107,87,88,90,115,103,111,97,99,107,112,100,115,89,109,103,108,102,102,89,98,110,88,92,96,89,75,92,114,96,104,101,122,90,82,87,101,98,92,87,83,100,95,85,87,91,105,78,81,84,82,81,90,83,84,85,87,88
111,132,112,121,132,133,125,115,92,94,126,100,114,106,112,122,99,129,104,97,94,103,98,104,115,104,119,112,104,122,107,99,109,100,121,118,112,109,121,89,90,100,91,112,87,107,90,93,101,103,100,105,103,95,83,88,84,102,102,84,98,112,102,86,103,103,97,63,93,96,98,96,100,86,85,90,108,80,93,93,93,99,82,100,103,93,84,79,90,71,88,91,81,97,97,71,76,84,88,95
119,110,114,127,100,109,113,111,97,116,95,119,104,115,96,117,113,105,110,113,94,102,101,111,113,113,125,110,99,98,95,97,87,95,122,109,96,89,104,114,101,131,83,90,94,93,110,100,100,112,108,123,98,94,96,99,82,91,91,80,96,93,95,94,113,92,82,107,105,84,104,99,89,90,101,99,109,89,86,86,92,98,102,89,82,73,117,92,101,88,94,96,77,86,69,114,84,99,86,95
121,118,112,111,121,118,124,111,107,109,113,111,115,107,111,97,112,103,103,111,101,98,103,114,98,112,104,115,91,102,106,102,108,117,120,107,100,97,104,104,93,101,99,94,93,94,99,91,95,94,113,94,96,79,94,91,76,95,111,93,107,77,112,97,107,105,102,99,101,79,88,91,101,90,87,93,109,82,99,99,114,96,81,85,104,97,93,87,79,102,102,75,94,110,89,94,92,90,78,80
114,105,112,103,110,146,116,116,109,125,117,106,97,112,100,114,113,97,121,106,114,104,105,95,78,91,118,101,107,94,104,104,111,100,95,86,119,101,99,100,90,105,83,97,87,107,99,115,88,83,96,94,89,111,77,91,100,105,97,95,99,105,102,108,106,97,91,96,84,98,98,88,86,114,100,94,109,103,102,90,87,106,130,105,88,86,86,90,89,97,90,92,98,83,81,102,97,88,84,77
129,125,112,122,127,104,103,103,117,117,116,110,102,99,101,119,116,119,108,104,87,110,96,118,105,95,108,96,97,115,101,115,107,107,103,98,118,104,107,104,95,114,102,111,88,111,112,99,104,99,80,95,99,113,98,94,91,100,94,92,98,105,83,106,78,80,91,97,89,89,81,89,87,86,97,94,85,90,106,97,72,104,85,79,127,93,102,96,83,90,83,87,94,74,98,99,78,108,97,88
116,128,105,109,112,108,98,123,116,110,97,115,115,118,115,110,110,122,109,104,119,105,105,99,90,98,117,106,103,96,98,107,91,90,92,95,87,106,99,100,101,122,94,127,98,107,111,100,87,103,88,94,95,87,100,107,93,95,104,120,91,86,103,97,104,85,108,100,99,110,96,79,106,106,101,81,100,75,70,96,96,92,98,77,99,86,85,81,93,70,91,108,94,91,93,101,88,95,90,103
117,121,144,120,113,116,118,122,109,105,112,119,107,100,107,112,113,101,106,97,97,105,126,112,108,94,104,118,119,107,112,105,91,97,98,108,107,87,99,115,88,105,99,93,78,91,105,105,91,94,112,91,90,115,98,90,89,110,90,110,94,86,103,87,103,111,90,94,104,104,108,102,81,87,89,96,78,98,110,100,89,109,96,88,83,79,89,99,69,99,75,82,98,98,78,82,76,95,79,100
121,128,109,105,116,114,122,95,115,127,97,100,95,128,103,95,98,105,95,113,119,113,115,116,101,107,111,105,126,109,101,92,86,116,93,110,82,98,86,110,99,100,92,95,105,93,111,97,100,107,104,110,86,93,83,105,102,87,92,98,120,106,103,91,103,98,94,90,102,102,123,89,94,102,94,98,93,80,91,106,97,74,87,89,109,90,88,96,99,93,79,99,94,84,84,83,86,88,76,90
111,147,125,109,114,132,112,110,122,120,113,111,114,117,116,89,109,120,90,106,105,96,104,112,93,95,100,117,106,108,90,113,106,108,107,81,105,96,101,94,92,115,94,83,106,93,95,82,86,88,86,103,107,87,81,103,93,106,100,96,107,94,112,96,85,91,106,108,90,92,96,96,106,93,86,89,116,85,101,101,95,92,74,92,91,81,99,87,100,93,95,106,87,98,90,118,96,86,81,69
106,100,94,116,111,121,130,119,108,117,91,104,109,127,110,123,110,113,110,97,111,112,112,133,93,136,113,90,102,112,115,109,98,87,84,105,109,94,113,113,111,110,95,89,94,99,102,101,96,94,96,110,89,99,99,120,89,93,91,85,109,92,110,94,88,79,82,96,96,88,89,96,88,99,97,91,115,98,82,86,81,87,106,100,104,101,87,88,96,97,89,90,68,90,97,79,83,76,92,95
124,116,101,114,99,93,112,137,101,124,113,104,144,119,92,92,110,114,109,97,125,104,108,113,119,108,101,98,99,94,96,108,104,130,109,103,92,80,97,113,98,115,114,90,88,85,107,95,109,95,98,114,90,104,96,85,95,99,92,83,112,104,103,119,100,90,90,104,90,90,97,98,95,100,96,90,83,104,98,96,82,89,96,103,93,83,106,85,95,77,92,105,79,83,86,86,83,88,80,82
112,111,116,137,114,134,91,106,98,102,104,100,104,115,111,101,102,113,108,120,101,101,93,119,104,100,133,93,83,95,100,121,128,113,100,129,97,93,96,106,81,99,93,102,106,111,83,101,93,109,90,90,95,103,97,107,100,99,108,99,94,84,79,82,82,105,87,105,82,103,109,88,106,109,86,103,73,100,95,95,98,108,80,100,98,98,84,82,102,87,99,78,84,85,87,92,96,112,96,97
110,111,95,110,100,96,110,118,117,124,109,112,122,112,96,112,103,110,111,102,103,96,120,117,117,118,114,89,90,112,91,97,112,93,98,119,106,103,118,94,82,102,111,100,98,100,111,103,106,92,85,109,85,100,92,104,102,77,90,108,89,107,104,104,90,89,88,106,84,106,79,110,88,102,96,97,81,97,96,120,93,89,83,83,97,97,84,103,105,97,82,76,92,96,90,85,88,90,94,99
120,107,125,110,134,126,125,107,100,108,110,134,112,104,104,99,103,100,107,99,86,116,115,109,121,104,110,96,95,99,102,108,96,124,114,94,118,92,89,91,109,80,109,110,87,79,103,100,111,102,112,106,93,99,93,99,79,112,96,97,101,104,87,100,91,103,92,96,109,96,100,87,86,97,96,84,82,88,110,103,87,101,82,89,73,96,99,75,78,88,95,90,110,87,101,103,82,80,93,90
109,114,108,125,92,138,111,127,102,118,100,117,112,128,101,100,105,103,123,116,103,91,124,90,101,101,120,119,119,105,104,122,111,92,110,78,117,104,111,99,108,96,105,106,93,106,108,99,97,97,85,99,69,116,96,99,94,106,90,98,89,85,103,102,94,109,104,82,100,102,81,95,98,83,84,77,83,66,94,92,115,88,89,93,93,85,79,93,94,103,78,94,95,89,98,80,88,93,100,93
107,135,101,123,101,130,108,120,113,102,99,136,111,126,111,114,107,92,121,120,95,96,102,110,118,99,107,111,104,100,95,88,100,118,73,91,92,110,101,94,101,84,111,112,97,109,86,108,116,99,109,109,78,96,100,88,94,110,86,99,92,80,102,81,84,100,104,100,91,92,87,99,82,103,81,102,84,102,102,91,99,96,98,87,98,100,96,96,96,102,91,75,86,94,92,99,88,87,93,95
115,131,128,117,110,100,118,117,103,124,108,105,99,105,102,109,108,127,123,96,100,108,117,113,99,106,131,108,100,119,114,100,119,103,93,85,114,98,95,105,86,118,103,95,103,96,91,121,89,92,95,95,105,95,95,108,98,86,89,89,95,74,96,108,90,86,84,108,113,103,106,95,84,80,84,101,89,106,82,78,88,96,102,89,89,84,97,86,105,98,89,89,91,85,100,91,90,83,68,97
121,102,113,126,117,102,115,115,118,112,112,107,126,120,117,107,89,93,110,103,100,108,114,124,97,107,91,97,92,111,112,105,84,101,117,91,107,111,88,109,117,108,96,87,113,123,73,112,94,76,94,93,104,94,100,88,84,101,101,97,93,93,84,105,85,86,119,100,102,107,103,83,94,94,93,94,97,107,96,79,113,106,103,97,91,78,100,86,102,98,82,77,93,101,78,84,91,87,91,82
130,113,109,120,112,104,111,117,95,113,106,106,124,112,114,94,120,116,104,115,113,95,116,87,119,105,99,119,96,92,97,94,119,95,103,89,99,110,121,108,95,92,90,101,113,103,95,94,91,85,88,90,100,121,101,107,93,101,92,86,106,66,104,94,109,110,84,95,97,90,81,86,70,88,79,101,78,90,102,110,96,94,87,100,97,97,77,86,99,104,96,86,96,102,102,93,113,92,93,101
107,125,127,112,113,100,112,114,132,118,111,125,107,104,111,113,95,100,102,107,87,83,118,99,108,89,122,104,113,124,95,88,93,102,96,110,109,100,89,100,110,110,113,120,96,108,95,91,100,104,85,93,92,84,119,101,108,94,104,97,97,85,99,102,94,109,97,92,107,84,90,90,86,105,100,101,103,100,94,89,91,97,91,89,93,98,98,88,79,80,92,82,54,105,87,95,86,102,101,80
119,110,126,119,130,118,107,107,132,107,128,111,91,103,114,98,101,93,108,111,117,102,109,110,113,93,124,122,112,110,132,89,101,105,96,121,103,91,107,106,98,97,100,105,113,90,92,107,88,105,103,84,70,87,82,102,90,84,108,102,92,118,80,81,94,92,86,96,92,107,82,107,92,100,102,87,89,96,101,93,90,85,99,95,98,105,80,97,73,103,84,94,81,91,98,103,83,79,86,86
108,127,121,103,102,119,90,106,110,99,101,109,95,113,95,125,123,105,112,114,112,114,118,113,103,108,103,88,95,120,104,134,111,120,93,102,92,96,102,98,98,102,111,105,82,85,115,87,121,94,109,89,94,99,95,93,104,93,92,101,95,96,91,104,88,90,84,118,109,102,83,98,83,101,81,96,77,76,100,103,111,75,100,109,74,102,90,102,113,90,90,78,91,87,92,92,86,84,83,104
131,90,101,102,124,114,99,115,117,93,118,96,83,111,104,111,123,121,101,120,91,108,118,101,111,109,90,106,113,96,98,114,109,92,99,110,108,103,112,105,107,116,92,97,90,122,96,96,92,101,106,109,101,92,110,110,112,117,78,96,96,92,109,86,90,90,123,80,92,87,98,99,100,107,56,104,94,93,103,95,96,81,82,93,98,91,90,114,88,69,86,109,92,82,86,81,99,97,79,86
136,102,117,132,100,106,103,107,106,123,118,119,121,121,102,118,117,99,107,129,108,101,119,110,88,104,103,97,102,93,99,115,98,98,112,116,95,103,110,106,100,95,103,101,99,106,101,94,108,100,93,91,94,103,99,103,100,94,133,100,101,101,99,82,81,100,85,91,97,86,96,107,81,91,100,74,84,93,88,105,95,90,105,97,87,90,99,84,87,79,69,93,90,82,102,84,77,95,99,77
133,125,110,127,121,114,136,94,107,117,127,112,112,98,122,104,76,100,109,95,104,110,100,86,114,111,120,111,99,113,123,135,103,113,114,108,99,116,97,104,102,90,105,107,104,99,105,98,105,96,93,97,107,82,86,97,94,95,87,91,90,97,91,88,108,93,83,94,97,85,81,81,90,109,96,88,89,93,90,82,92,94,95,94,104,107,80,87,106,92,91,94,101,80,90,87,75,78,80,89
134,130,119,100,121,94,113,127,102,113,123,103,125,110,104,112,111,102,89,96,126,117,105,109,111,105,120,98,109,92,118,90,111,110,98,125,121,95,104,96,91,95,118,105,97,73,99,90,110,116,109,93,103,104,98,104,90,94,96,114,101,95,78,92,75,101,91,98,99,85,96,97,90,96,107,111,78,103,79,90,89,93,79,91,76,80,100,111,74,87,74,79,86,92,102,83,90,92,91,82
131,95,136,122,116,108,120,138,119,105,111,99,108,95,116,109,89,115,101,113,95,106,102,112,102,102,91,94,96,115,111,112,104,108,102,111,92,103,94,104,102,107,103,95,110,113,98,106,110,83,95,85,98,109,89,101,97,89,92,96,107,119,93,105,115,100,89,78,83,106,85,84,78,106,113,98,93,81,86,116,87,84,93,105,94,97,92,95,109,93,90,74,91,82,89,73,78,87,84,88
112,121,102,94,130,126,105,97,101,102,103,102,121,109,94,108,101,117,103,119,109,130,88,110,120,117,118,103,97,110,100,86,99,102,108,98,91,110,100,93,88,112,122,101,92,110,107,88,90,104,99,97,98,93,92,110,102,99,120,123,95,91,85,112,102,101,86,103,96,96,90,99,92,73,108,109,78,87,89,90,89,98,91,86,99,109,84,86,91,101,80,102,93,90,102,89,81,78,92,74
125,112,140,115,123,132,109,107,98,111,115,126,108,120,121,124,97,96,124,95,96,114,125,88,116,91,110,111,97,98,110,126,98,100,106,103,114,95,98,99,102,114,99,95,99,93,87,96,108,99,108,90,97,85,117,87,92,109,97,100,99,99,107,92,96,98,108,101,93,86,99,98,105,67,98,75,89,101,83,109,100,81,98,93,84,85,84,82,92,73,80,93,100,74,83,91,87,92,76,82
129,103,115,117,129,118,124,102,109,102,113,118,109,111,122,107,97,112,107,112,101,104,109,97,107,88,98,98,116,85,110,94,104,113,111,111,93,103,105,105,95,99,108,106,91,102,101,102,100,118,99,88,89,114,116,105,92,105,86,97,106,109,93,92,107,94,93,118,103,88,84,102,98,89,91,104,94,92,77,81,81,96,71,81,88,76,88,69,101,100,91,97,89,99,95,97,95,83,75,92
113,110,114,118,102,112,131,108,115,99,115,116,121,100,104,140,124,121,115,98,104,90,114,112,112,93,104,109,115,95,120,101,93,112,96,99,105,104,96,92,109,101,119,86,104,104,97,94,98,100,99,115,97,98,96,99,87,99,83,104,89,94,87,86,88,119,95,110,92,83,100,96,102,85,96,99,67,86,106,87,75,95,105,98,89,91,98,91,82,85,83,66,94,100,92,103,95,88,75,97
113,110,104,99,121,125,126,81,110,121,120,91,98,106,109,111,112,126,127,124,99,121,106,121,114,124,127,97,114,108,113,96,95,110,117,106,83,103,90,90,108,90,102,88,109,110,87,106,88,111,106,91,104,94,105,111,93,85,86,90,107,94,88,99,91,103,110,100,76,90,106,87,88,89,86,82,103,67,85,103,87,108,86,87,83,99,108,95,79,120,86,77,84,77,96,86,86,102,80,88
115,107,115,111,82,102,115,112,122,113,90,123,95,118,98,131,110,118,85,123,119,118,87,106,101,126,102,87,93,117,107,95,97,110,95,115,107,94,101,105,117,118,80,101,98,97,79,101,94,98,90,85,95,97,92,100,92,83,103,95,93,86,91,112,101,113,92,93,117,89,103,113,113,120,88,96,97,89,85,103,89,90,86,97,79,96,85,94,102,98,91,81,84,94,91,95,109,81,94,88
109,97,119,107,104,115,101,109,115,106,114,133,114,114,106,118,110,107,106,101,119,119,116,113,113,102,98,115,111,130,117,106,134,89,117,105,109,103,99,108,110,89,87,95,87,103,92,103,80,90,98,103,93,104,83,85,109,103,110,87,95,98,78,109,103,87,92,87,110,91,97,89,103,95,88,90,103,91,95,98,101,101,101,76,86,81,113,78,103,89,86,83,85,74,90,73,100,81,82,79
152,122,114,103,104,125,126,105,124,111,104,119,117,101,100,101,102,101,104,113,106,98,121,120,117,100,101,101,111,110,107,124,97,106,108,101,102,92,101,100,120,89,111,85,94,95,92,108,112,93,69,91,112,98,100,84,99,95,70,117,91,91,92,89,100,90,101,102,106,108,82,92,86,86,89,80,91,95,82,93,91,101,82,106,87,111,91,94,94,95,89,96,84,71,94,87,88,102,91,95
